3397014204;9603500009
3397014244;9603500009
3397004672;9603500009
3397004673;9603500009
3397006952;9603500009
3397007225;9603500009
3397007555;9603500009
3397007644;9603500009
3397007854;9603500009
3397008006;9603500009
3397008057;9603500009
3397008635;9603500009
3397011211;9603500009
3397011428;9603500009
3397011433;9603500009
3397011629;9603500009
3397118979;9603500009
3397007309;9603500009
3397007570;9603500009
3397007945;9603500009
3397008045;9603500009
3397008533;9603500009
3397008713;9603500009
3397009034;9603500009
3397009081;9603500009
3397014398;9603500009
3397016087;9603500009
3397011630;9603500009
3397011965;9603500009
3397008537;9603500009
3397007863;9603500009
3397009825;9603500009
3397118907;9603500009
3397118953;9603500009
3397007430;9603500009
3397007584;9603500009
3397007706;9603500009
3397008532;9603500009
3397008539;9603500009
3397007297;9603500009
3397118996;9603500009
3397014312;9603500009
3397118929;9603500009
241235752;8511100009
242230533;8511100009
242240619;8511100009
242240665;8511100009
242230500;8511100009
242235707;8511100009
3397118912;9603500009
1987301012;8539293009
1987301001;8539293009
1987301017;8539293009
1987301017;8539293009
1987301005;8539293009
