K16PRU11;8511100009;;;;;;;;
W20EPRU;8511100009;;;;;;;;
K20TT;8511100009;;;;;;;;
K20TT;8511100009;;;;;;;;
K20TT;8511100009;;;;;;;;
K20TT;8511100009;;;;;;;;
K20TT;8511100009;;;;;;;;
K20TT;8511100009;;;;;;;;
TV16TT;8511100009;;;;;;;;
K20TT;8511100009;;;;;;;;
K20TT;8511100009;;;;;;;;
K20TT;8511100009;;;;;;;;
Q20PRU11;8511100009;;;;;;;;
T20TT;8511100009;;;;;;;;
T20TT;8511100009;;;;;;;;
T20TT;8511100009;;;;;;;;
XU22HDR9;8511100009;;;;;;;;
W20TT;8511100009;;;;;;;;
K16PRU11;8511100009;;;;;;;;
K16PRU11;8511100009;;;;;;;;
XU22HDR9;8511100009;;;;;;;;
XU22HDR9;8511100009;;;;;;;;
KH16TT;8511100009;;;;;;;;
XU22HDR9;8511100009;;;;;;;;
KH16TT;8511100009;;;;;;;;
XU22HDR9;8511100009;;;;;;;;
KH20TT;8511100009;;;;;;;;
K20TT;8511100009;;;;;;;;
KJ20CRL11;8511100009;;;;;;;;
ITV16TT;8511100009;;;;;;;;
XUH22TT;8511100009;;;;;;;;
W20TT;8511100009;;;;;;;;
T20TT;8511100009;;;;;;;;
XU22TT;8511100009;;;;;;;;
TV16TT;8511100009;;;;;;;;
T20TT;8511100009;;;;;;;;
KH16TT;8511100009;;;;;;;;
KH20TT;8511100009;;;;;;;;
KH16TT;8511100009;;;;;;;;
TV16TT;8511100009;;;;;;;;
KJ20CRL11;8511100009;;;;;;;;
KJ20CRL11;8511100009;;;;;;;;
KJ20CRL11;8511100009;;;;;;;;
KJ20CRL11;8511100009;;;;;;;;
KJ20CRL11;8511100009;;;;;;;;
XU22HDR9;8511100009;;;;;;;;
T20TT;8511100009;;;;;;;;
DU040L;9603500009;;;;;;;;
K16TT;8511100009;;;;;;;;
KJ16CRL11;8511100009;;;;;;;;
T16TT;8511100009;;;;;;;;
W20EPRU11;8511100009;;;;;;;;
K20RU11;8511100009;;;;;;;;
K20PRU;8511100009;;;;;;;;
Q20TT;8511100009;;;;;;;;
K20PRU;8511100009;;;;;;;;
K20HRU11;8511100009;;;;;;;;
SC16HR11;8511100009;;;;;;;;
IXEH20TT;8511100009;;;;;;;;
PK16PRL11;8511100009;;;;;;;;
K20RU11;8511100009;;;;;;;;
K16PRU;8511100009;;;;;;;;
K16RU11;8511100009;;;;;;;;
K20PRU11;8511100009;;;;;;;;
K20TR11;8511100009;;;;;;;;
PK16PR11;8511100009;;;;;;;;
W20EPU;8511100009;;;;;;;;
Q16TT;8511100009;;;;;;;;
ITL16TT;8511100009;;;;;;;;
W20FPRU;8511100009;;;;;;;;
W16EPRU11;8511100009;;;;;;;;
PK22PR8;8511100009;;;;;;;;
PK22PR8;8511100009;;;;;;;;
PK22PR8;8511100009;;;;;;;;
XU22EPRU;8511100009;;;;;;;;
IXEH22TT;8511100009;;;;;;;;
PK20PRP8;8511100009;;;;;;;;
XUH20TTi;8511100009;;;;;;;;
T16VRU10;8511100009;;;;;;;;
KJ20DRM11;8511100009;;;;;;;;
XUH20TTi;8511100009;;;;;;;;
IXEH20ETT;8511100009;;;;;;;;
XUH20TTi;8511100009;;;;;;;;
IKBH20TT;8511100009;;;;;;;;
IKH16TT;8511100009;;;;;;;;
W20EPBRS;8511100009;;;;;;;;
W20FPU;8511100009;;;;;;;;
K16RU;8511100009;;;;;;;;
K20PRL11;8511100009;;;;;;;;
FK20HR11;8511100009;;;;;;;;
SK20BR11;8511100009;;;;;;;;
SK20BGR11;8511100009;;;;;;;;
W27ESRU;8511100009;;;;;;;;
W27ESRV;8511100009;;;;;;;;
U22ESRN;8511100009;;;;;;;;
IQ16TT;8511100009;;;;;;;;
IW16TT;8511100009;;;;;;;;
MA20PRU;8511100009;;;;;;;;
K20PBR;8511100009;;;;;;;;
IU24;8511100009;;;;;;;;
VXUH20I;8511100009;;;;;;;;
VXUH22I;8511100009;;;;;;;;
W14L;8511100009;;;;;;;;
W20MPU;8511100009;;;;;;;;
W20MRU;8511100009;;;;;;;;
W22MU;8511100009;;;;;;;;
W22MPU;8511100009;;;;;;;;
W24FPRU10;8511100009;;;;;;;;
W27ESR;8511100009;;;;;;;;
XUH20TTi;8511100009;;;;;;;;
Q16PRU;8511100009;;;;;;;;
IK20TT;8511100009;;;;;;;;
IKH20;8511100009;;;;;;;;
K20PBRS10;8511100009;;;;;;;;
K16HPRU11;8511100009;;;;;;;;
W16EPRU;8511100009;;;;;;;;
DRA030;9603500009;;;;;;;;
DRB030;9603500009;;;;;;;;
DF315;9603500009;;;;;;;;
DU035R;9603500009;;;;;;;;
DRA035;9603500009;;;;;;;;
DF316;9603500009;;;;;;;;
DUR043L;9603500009;;;;;;;;
DUR045L;9603500009;;;;;;;;
DUR048L;9603500009;;;;;;;;
DUR050L;9603500009;;;;;;;;
DUR053L;9603500009;;;;;;;;
DUR055L;9603500009;;;;;;;;
DUR060L;9603500009;;;;;;;;
DF076;9603500009;;;;;;;;
DF049;9603500009;;;;;;;;
DFR012;9603500009;;;;;;;;
DF052;9603500009;;;;;;;;
DUR055R;9603500009;;;;;;;;
DFR002;9603500009;;;;;;;;
DF084;9603500009;;;;;;;;
DUR045R;9603500009;;;;;;;;
DUR048R;9603500009;;;;;;;;
DUR050R;9603500009;;;;;;;;
DF096;9603500009;;;;;;;;
DF016;9603500009;;;;;;;;
DF039;9603500009;;;;;;;;
DF088;9603500009;;;;;;;;
DF067;9603500009;;;;;;;;
DFR010;9603500009;;;;;;;;
DF011;9603500009;;;;;;;;
DFR004;9603500009;;;;;;;;
DF080;9603500009;;;;;;;;
DF081;9603500009;;;;;;;;
DF087;9603500009;;;;;;;;
